Game ID,Game Name,Brand,Category,Image URL
,"12 Zodiacs","Habanero",flash,https://imagedelivery.net/nVyft9zNw2I0pNVtrnC1zA/1174/public
,"5 Lucky Lions","Habanero",flash,https://imagedelivery.net/nVyft9zNw2I0pNVtrnC1zA/1202/public
,"5 Mariachis","Habanero",flash,https://imagedelivery.net/nVyft9zNw2I0pNVtrnC1zA/1203/public
,"Aces & Eights 1 Hand","Habanero",flash,https://imagedelivery.net/nVyft9zNw2I0pNVtrnC1zA/1239/public
,"Aces & Eights 10 Hand","Habanero",flash,https://imagedelivery.net/nVyft9zNw2I0pNVtrnC1zA/1243/public
,"Aces & Eights 100 Hand","Habanero",flash,https://imagedelivery.net/nVyft9zNw2I0pNVtrnC1zA/1244/public
,"Aces & Eights 5 Hand","Habanero",flash,https://imagedelivery.net/nVyft9zNw2I0pNVtrnC1zA/1245/public
,"Aces & Eights 50 Hand","Habanero",flash,https://imagedelivery.net/nVyft9zNw2I0pNVtrnC1zA/1246/public
,"All American Poker 1 Hand","Habanero",flash,https://imagedelivery.net/nVyft9zNw2I0pNVtrnC1zA/1296/public
,"All American Poker 10 Hand","Habanero",flash,https://imagedelivery.net/nVyft9zNw2I0pNVtrnC1zA/1297/public
,"All American Poker 100 Hand","Habanero",flash,https://imagedelivery.net/nVyft9zNw2I0pNVtrnC1zA/1298/public
,"All American Poker 5 Hand","Habanero",flash,https://imagedelivery.net/nVyft9zNw2I0pNVtrnC1zA/1299/public
,"All American Poker 50 Hand","Habanero",flash,https://imagedelivery.net/nVyft9zNw2I0pNVtrnC1zA/1301/public
,"All For One","Habanero",flash,https://imagedelivery.net/nVyft9zNw2I0pNVtrnC1zA/1300/public
,"American Baccarat","Habanero",flash,https://imagedelivery.net/nVyft9zNw2I0pNVtrnC1zA/1320/public
,"American Baccarat Zero Commission","Habanero",flash,https://imagedelivery.net/nVyft9zNw2I0pNVtrnC1zA/1321/public
,"Arcane Elements","Habanero",flash,https://imagedelivery.net/nVyft9zNw2I0pNVtrnC1zA/1352/public
,"Arctic Hunt","Habanero",flash,https://imagedelivery.net/nVyft9zNw2I0pNVtrnC1zA/1354/public
,"Arctic Wonders","Habanero",flash,https://imagedelivery.net/nVyft9zNw2I0pNVtrnC1zA/1355/public
,"Atomic Kittens","Habanero",flash,https://imagedelivery.net/nVyft9zNw2I0pNVtrnC1zA/1366/public
,"Aztlan's Gold","Habanero",flash,https://imagedelivery.net/nVyft9zNw2I0pNVtrnC1zA/1395/public
,"Baba Yaga","Habanero",flash,https://imagedelivery.net/nVyft9zNw2I0pNVtrnC1zA/1396/public
,"Barnstormer Bucks","Habanero",flash,https://imagedelivery.net/nVyft9zNw2I0pNVtrnC1zA/1417/public
,"Before Time Runs Out","Habanero",flash,https://imagedelivery.net/nVyft9zNw2I0pNVtrnC1zA/1443/public
,"Bikini Island","Habanero",flash,https://imagedelivery.net/nVyft9zNw2I0pNVtrnC1zA/1475/public
,"Bikini Island Deluxe","Habanero",flash,https://imagedelivery.net/nVyft9zNw2I0pNVtrnC1zA/1476/public
,"Bird of Thunder","Habanero",flash,https://imagedelivery.net/nVyft9zNw2I0pNVtrnC1zA/1482/public
,"Blackbeard's Bounty","Habanero",flash,https://imagedelivery.net/nVyft9zNw2I0pNVtrnC1zA/1488/public
,"Blackjack 3 Hand","Habanero",flash,https://imagedelivery.net/nVyft9zNw2I0pNVtrnC1zA/1489/public
,"Blackjack Double Exposure 3 Hand","Habanero",flash,https://imagedelivery.net/nVyft9zNw2I0pNVtrnC1zA/1491/public
,"Bomb Runner","Habanero",flash,https://imagedelivery.net/nVyft9zNw2I0pNVtrnC1zA/1516/public
,"Bombs Away","Habanero",flash,https://imagedelivery.net/nVyft9zNw2I0pNVtrnC1zA/1519/public
,"Bonus Deuces Wild 1 Hand","Habanero",flash,https://imagedelivery.net/nVyft9zNw2I0pNVtrnC1zA/1527/public
,"Bonus Deuces Wild 10 Hand","Habanero",flash,https://imagedelivery.net/nVyft9zNw2I0pNVtrnC1zA/1528/public
,"Bonus Deuces Wild 100 Hand","Habanero",flash,https://imagedelivery.net/nVyft9zNw2I0pNVtrnC1zA/1529/public
,"Bonus Deuces Wild 5 Hand","Habanero",flash,https://imagedelivery.net/nVyft9zNw2I0pNVtrnC1zA/1530/public
,"Bonus Deuces Wild 50 Hand","Habanero",flash,https://imagedelivery.net/nVyft9zNw2I0pNVtrnC1zA/1531/public
,"Bonus Poker 1 Hand","Habanero",flash,https://imagedelivery.net/nVyft9zNw2I0pNVtrnC1zA/1532/public
,"Bonus Poker 10 Hand","Habanero",flash,https://imagedelivery.net/nVyft9zNw2I0pNVtrnC1zA/1533/public
,"Bonus Poker 100 Hand","Habanero",flash,https://imagedelivery.net/nVyft9zNw2I0pNVtrnC1zA/1534/public
,"Bonus Poker 5 Hand","Habanero",flash,https://imagedelivery.net/nVyft9zNw2I0pNVtrnC1zA/1535/public
,"Bonus Poker 50 Hand","Habanero",flash,https://imagedelivery.net/nVyft9zNw2I0pNVtrnC1zA/1536/public
,"Buggy Bonus","Habanero",flash,https://imagedelivery.net/nVyft9zNw2I0pNVtrnC1zA/1611/public
,"Cake Valley","Habanero",flash,https://imagedelivery.net/nVyft9zNw2I0pNVtrnC1zA/1634/public
,"Calaveras Explosivas","Habanero",flash,https://imagedelivery.net/nVyft9zNw2I0pNVtrnC1zA/1636/public
,"Candy Tower","Habanero",flash,https://imagedelivery.net/nVyft9zNw2I0pNVtrnC1zA/1654/public
,"Caribbean Hold'Em","Habanero",flash,https://imagedelivery.net/nVyft9zNw2I0pNVtrnC1zA/1669/public
,"Caribbean Stud","Habanero",flash,https://imagedelivery.net/nVyft9zNw2I0pNVtrnC1zA/1670/public
,"Carnival Cash","Habanero",flash,https://imagedelivery.net/nVyft9zNw2I0pNVtrnC1zA/1672/public
,"Cash Reef","Habanero",flash,https://imagedelivery.net/nVyft9zNw2I0pNVtrnC1zA/1686/public
,"Cashosaurus","Habanero",flash,https://imagedelivery.net/nVyft9zNw2I0pNVtrnC1zA/1694/public
,"Christmas Gift Rush","Habanero",flash,https://imagedelivery.net/nVyft9zNw2I0pNVtrnC1zA/1748/public
,"Colossal Gems","Habanero",flash,https://imagedelivery.net/nVyft9zNw2I0pNVtrnC1zA/1792/public
,"Coyote Crash","Habanero",flash,https://imagedelivery.net/nVyft9zNw2I0pNVtrnC1zA/1804/public
,"Crystopia","Habanero",flash,https://imagedelivery.net/nVyft9zNw2I0pNVtrnC1zA/1840/public
,"Deuces Wild 1 Hand","Habanero",flash,https://imagedelivery.net/nVyft9zNw2I0pNVtrnC1zA/1891/public
,"Deuces Wild 10 Hand","Habanero",flash,https://imagedelivery.net/nVyft9zNw2I0pNVtrnC1zA/1892/public
,"Deuces Wild 100 Hand","Habanero",flash,https://imagedelivery.net/nVyft9zNw2I0pNVtrnC1zA/1893/public
,"Deuces Wild 5 Hand","Habanero",flash,https://imagedelivery.net/nVyft9zNw2I0pNVtrnC1zA/1894/public
,"Deuces Wild 50 Hand","Habanero",flash,https://imagedelivery.net/nVyft9zNw2I0pNVtrnC1zA/1895/public
,"Disco Beats","Habanero",flash,https://imagedelivery.net/nVyft9zNw2I0pNVtrnC1zA/1922/public
,"Disco Funk","Habanero",flash,https://imagedelivery.net/nVyft9zNw2I0pNVtrnC1zA/1925/public
,"Double Bonus Poker 1 Hand","Habanero",flash,https://imagedelivery.net/nVyft9zNw2I0pNVtrnC1zA/1960/public
,"Double Bonus Poker 10 Hand","Habanero",flash,https://imagedelivery.net/nVyft9zNw2I0pNVtrnC1zA/1961/public
,"Double Bonus Poker 100 Hand","Habanero",flash,https://imagedelivery.net/nVyft9zNw2I0pNVtrnC1zA/1962/public
,"Double Bonus Poker 5 Hand","Habanero",flash,https://imagedelivery.net/nVyft9zNw2I0pNVtrnC1zA/1963/public
,"Double Bonus Poker 50 Hand","Habanero",flash,https://imagedelivery.net/nVyft9zNw2I0pNVtrnC1zA/1965/public
,"Double Double Bonus Poker 1 Hand","Habanero",flash,https://imagedelivery.net/nVyft9zNw2I0pNVtrnC1zA/1964/public
,"Double Double Bonus Poker 10 Hand","Habanero",flash,https://imagedelivery.net/nVyft9zNw2I0pNVtrnC1zA/1966/public
,"Double Double Bonus Poker 100 Hand","Habanero",flash,https://imagedelivery.net/nVyft9zNw2I0pNVtrnC1zA/1967/public
,"Double Double Bonus Poker 5 Hand","Habanero",flash,https://imagedelivery.net/nVyft9zNw2I0pNVtrnC1zA/1968/public
,"Double Double Bonus Poker 50 Hand","Habanero",flash,https://imagedelivery.net/nVyft9zNw2I0pNVtrnC1zA/1969/public
,"Double O Dollars","Habanero",flash,https://imagedelivery.net/nVyft9zNw2I0pNVtrnC1zA/1972/public
,"Dr Feelgood","Habanero",flash,https://imagedelivery.net/nVyft9zNw2I0pNVtrnC1zA/1983/public
,"Dragon Castle","Habanero",flash,https://imagedelivery.net/nVyft9zNw2I0pNVtrnC1zA/1993/public
,"Dragon Tiger gate","Habanero",flash,https://imagedelivery.net/nVyft9zNw2I0pNVtrnC1zA/2004/public
,"Dragon's Realm","Habanero",flash,https://imagedelivery.net/nVyft9zNw2I0pNVtrnC1zA/2023/public
,"Dragon's Throne","Habanero",flash,https://imagedelivery.net/nVyft9zNw2I0pNVtrnC1zA/2026/public
,"Egyptian Dreams","Habanero",flash,https://imagedelivery.net/nVyft9zNw2I0pNVtrnC1zA/2063/public
,"Egyptian Dreams Deluxe","Habanero",flash,https://imagedelivery.net/nVyft9zNw2I0pNVtrnC1zA/2065/public
,"Fa Cai Shen","Habanero",flash,https://imagedelivery.net/nVyft9zNw2I0pNVtrnC1zA/2137/public
,"Fa Cai Shen Deluxe","Habanero",flash,https://imagedelivery.net/nVyft9zNw2I0pNVtrnC1zA/2138/public
,"Fenghuang","Habanero",flash,https://imagedelivery.net/nVyft9zNw2I0pNVtrnC1zA/2162/public
,"Fire Rooster","Habanero",flash,https://imagedelivery.net/nVyft9zNw2I0pNVtrnC1zA/2207/public
,"Fly!","Habanero",flash,https://imagedelivery.net/nVyft9zNw2I0pNVtrnC1zA/2238/public
,"Flying High","Habanero",flash,https://imagedelivery.net/nVyft9zNw2I0pNVtrnC1zA/2241/public
,"Fortune Dogs","Habanero",flash,https://imagedelivery.net/nVyft9zNw2I0pNVtrnC1zA/2278/public
,"Four Divine Beasts","Habanero",flash,https://imagedelivery.net/nVyft9zNw2I0pNVtrnC1zA/2309/public
,"Frontier Fortunes","Habanero",flash,https://imagedelivery.net/nVyft9zNw2I0pNVtrnC1zA/2323/public
,"Fruity Halloween","Habanero",flash,https://imagedelivery.net/nVyft9zNw2I0pNVtrnC1zA/2357/public
,"Fruity Mayan","Habanero",flash,https://imagedelivery.net/nVyft9zNw2I0pNVtrnC1zA/2356/public
,"Galactic Cash","Habanero",flash,https://imagedelivery.net/nVyft9zNw2I0pNVtrnC1zA/2378/public
,"Gangsters","Habanero",flash,https://imagedelivery.net/nVyft9zNw2I0pNVtrnC1zA/2383/public
,"Glam Rock","Habanero",flash,https://imagedelivery.net/nVyft9zNw2I0pNVtrnC1zA/2423/public
,"Golden Taj Mahal","Habanero",flash,https://imagedelivery.net/nVyft9zNw2I0pNVtrnC1zA/2503/public
,"Golden Unicorn","Habanero",flash,https://imagedelivery.net/nVyft9zNw2I0pNVtrnC1zA/2509/public
,"Golden Unicorn Deluxe","Habanero",flash,https://imagedelivery.net/nVyft9zNw2I0pNVtrnC1zA/2508/public
,"Grape Escape","Habanero",flash,https://imagedelivery.net/nVyft9zNw2I0pNVtrnC1zA/2529/public
,"Happiest Christmas Tree","Habanero",flash,https://imagedelivery.net/nVyft9zNw2I0pNVtrnC1zA/2566/public
,"Happy Ape","Habanero",flash,https://imagedelivery.net/nVyft9zNw2I0pNVtrnC1zA/2567/public
,"Haunted Harbor","Habanero",flash,https://imagedelivery.net/nVyft9zNw2I0pNVtrnC1zA/2578/public
,"Hey Sushi","Habanero",flash,https://imagedelivery.net/nVyft9zNw2I0pNVtrnC1zA/2606/public
,"Hot Hot Fruit","Habanero",flash,https://imagedelivery.net/nVyft9zNw2I0pNVtrnC1zA/2642/public
,"Hot Hot Halloween","Habanero",flash,https://imagedelivery.net/nVyft9zNw2I0pNVtrnC1zA/2644/public
,"Hot Hot Summer","Habanero",flash,https://imagedelivery.net/nVyft9zNw2I0pNVtrnC1zA/2645/public
,"Indian Cash Catcher","Habanero",flash,https://imagedelivery.net/nVyft9zNw2I0pNVtrnC1zA/2699/public
,"Jacks or Better 1 Hand","Habanero",flash,https://imagedelivery.net/nVyft9zNw2I0pNVtrnC1zA/2730/public
,"Jacks or Better 10 Hand","Habanero",flash,https://imagedelivery.net/nVyft9zNw2I0pNVtrnC1zA/2731/public
,"Jacks or Better 100 Hand","Habanero",flash,https://imagedelivery.net/nVyft9zNw2I0pNVtrnC1zA/2732/public
,"Jacks or Better 5 Hand","Habanero",flash,https://imagedelivery.net/nVyft9zNw2I0pNVtrnC1zA/2733/public
,"Jacks or Better 50 Hand","Habanero",flash,https://imagedelivery.net/nVyft9zNw2I0pNVtrnC1zA/2734/public
,"Jellyfish Flow","Habanero",flash,https://imagedelivery.net/nVyft9zNw2I0pNVtrnC1zA/2746/public
,"Jellyfish Flow Ultra","Habanero",flash,https://imagedelivery.net/nVyft9zNw2I0pNVtrnC1zA/2747/public
,"Joker Poker 1 Hand","Habanero",flash,https://imagedelivery.net/nVyft9zNw2I0pNVtrnC1zA/2782/public
,"Joker Poker 10 Hand","Habanero",flash,https://imagedelivery.net/nVyft9zNw2I0pNVtrnC1zA/2781/public
,"Joker Poker 100 Hand","Habanero",flash,https://imagedelivery.net/nVyft9zNw2I0pNVtrnC1zA/2783/public
,"Joker Poker 5 Hand","Habanero",flash,https://imagedelivery.net/nVyft9zNw2I0pNVtrnC1zA/2784/public
,"Joker Poker 50 Hand","Habanero",flash,https://imagedelivery.net/nVyft9zNw2I0pNVtrnC1zA/2785/public
,"Jugglenaut","Habanero",flash,https://imagedelivery.net/nVyft9zNw2I0pNVtrnC1zA/2803/public
,"Jump!","Habanero",flash,https://imagedelivery.net/nVyft9zNw2I0pNVtrnC1zA/2809/public
,"Jump! 2","Habanero",flash,https://imagedelivery.net/nVyft9zNw2I0pNVtrnC1zA/2810/public
,"Jungle Rumble","Habanero",flash,https://imagedelivery.net/nVyft9zNw2I0pNVtrnC1zA/2813/public
,"Kane's Inferno","Habanero",flash,https://imagedelivery.net/nVyft9zNw2I0pNVtrnC1zA/2825/public
,"King Tut's Tomb","Habanero",flash,https://imagedelivery.net/nVyft9zNw2I0pNVtrnC1zA/2845/public
,"Knockout Football","Habanero",flash,https://imagedelivery.net/nVyft9zNw2I0pNVtrnC1zA/2871/public
,"Knockout Football Rush","Habanero",flash,https://imagedelivery.net/nVyft9zNw2I0pNVtrnC1zA/2872/public
,"Koi Gate","Habanero",flash,https://igamingapis.com/img/2874.png
,"Koi Koi Treasure","Habanero",flash,https://imagedelivery.net/nVyft9zNw2I0pNVtrnC1zA/2873/public
,"Lantern Luck","Habanero",flash,https://imagedelivery.net/nVyft9zNw2I0pNVtrnC1zA/2891/public
,"Laughing Buddha","Habanero",flash,https://imagedelivery.net/nVyft9zNw2I0pNVtrnC1zA/2894/public
,"Legend of Nezha","Habanero",flash,https://imagedelivery.net/nVyft9zNw2I0pNVtrnC1zA/2909/public
,"Legendary Beasts","Habanero",flash,https://imagedelivery.net/nVyft9zNw2I0pNVtrnC1zA/2914/public
,"Little Green Money","Habanero",flash,https://imagedelivery.net/nVyft9zNw2I0pNVtrnC1zA/2948/public
,"London Hunter","Habanero",flash,https://imagedelivery.net/nVyft9zNw2I0pNVtrnC1zA/2955/public
,"Loony Blox","Habanero",flash,https://imagedelivery.net/nVyft9zNw2I0pNVtrnC1zA/2962/public
,"Lucky Durian","Habanero",flash,https://imagedelivery.net/nVyft9zNw2I0pNVtrnC1zA/2996/public
,"Lucky Fortune Cat","Habanero",flash,https://imagedelivery.net/nVyft9zNw2I0pNVtrnC1zA/3002/public
,"Lucky Lucky","Habanero",flash,https://imagedelivery.net/nVyft9zNw2I0pNVtrnC1zA/3014/public
,"Magic Oak","Habanero",flash,https://imagedelivery.net/nVyft9zNw2I0pNVtrnC1zA/3056/public
,"Marvelous Furlongs","Habanero",flash,https://imagedelivery.net/nVyft9zNw2I0pNVtrnC1zA/3091/public
,"Meow Janken","Habanero",flash,https://imagedelivery.net/nVyft9zNw2I0pNVtrnC1zA/3156/public
,"Mighty Medusa","Habanero",flash,https://imagedelivery.net/nVyft9zNw2I0pNVtrnC1zA/3182/public
,"Monster Mash Cash","Habanero",flash,https://imagedelivery.net/nVyft9zNw2I0pNVtrnC1zA/3246/public
,"Moo Moo Cow","Habanero",flash,https://imagedelivery.net/nVyft9zNw2I0pNVtrnC1zA/3250/public
,"Mount Mazuma","Habanero",flash,https://imagedelivery.net/nVyft9zNw2I0pNVtrnC1zA/3259/public
,"Mr Bling","Habanero",flash,https://imagedelivery.net/nVyft9zNw2I0pNVtrnC1zA/3262/public
,"Mummy Money","Habanero",flash,https://imagedelivery.net/nVyft9zNw2I0pNVtrnC1zA/3279/public
,"Mystic Fortune","Habanero",flash,https://imagedelivery.net/nVyft9zNw2I0pNVtrnC1zA/3294/public
,"Mystic Fortune Deluxe","Habanero",flash,https://imagedelivery.net/nVyft9zNw2I0pNVtrnC1zA/3295/public
,"Naughty Santa","Habanero",flash,https://imagedelivery.net/nVyft9zNw2I0pNVtrnC1zA/3306/public
,"Naughty Wukong","Habanero",flash,https://imagedelivery.net/nVyft9zNw2I0pNVtrnC1zA/3307/public
,"New Years Bash","Habanero",flash,https://imagedelivery.net/nVyft9zNw2I0pNVtrnC1zA/3324/public
,"Nine Tails","Habanero",flash,https://imagedelivery.net/nVyft9zNw2I0pNVtrnC1zA/3335/public
,"Nuwa","Habanero",flash,https://imagedelivery.net/nVyft9zNw2I0pNVtrnC1zA/3351/public
,"Ocean's Call","Habanero",flash,https://imagedelivery.net/nVyft9zNw2I0pNVtrnC1zA/3355/public
,"Orbs of Atlantis","Habanero",flash,https://imagedelivery.net/nVyft9zNw2I0pNVtrnC1zA/3371/public
,"Pamper Me","Habanero",flash,https://imagedelivery.net/nVyft9zNw2I0pNVtrnC1zA/3384/public
,"Panda Panda","Habanero",flash,https://imagedelivery.net/nVyft9zNw2I0pNVtrnC1zA/3388/public
,"Pirate's Plunder","Habanero",flash,https://imagedelivery.net/nVyft9zNw2I0pNVtrnC1zA/3445/public
,"Pool Shark","Habanero",flash,https://imagedelivery.net/nVyft9zNw2I0pNVtrnC1zA/3472/public
,"Presto!","Habanero",flash,https://imagedelivery.net/nVyft9zNw2I0pNVtrnC1zA/3484/public
,"Prost!","Habanero",flash,https://imagedelivery.net/nVyft9zNw2I0pNVtrnC1zA/3497/public
,"Pucker Up Prince","Habanero",flash,https://imagedelivery.net/nVyft9zNw2I0pNVtrnC1zA/3498/public
,"Pumpkin Patch","Habanero",flash,https://imagedelivery.net/nVyft9zNw2I0pNVtrnC1zA/3505/public
,"Queen of Queens","Habanero",flash,https://imagedelivery.net/nVyft9zNw2I0pNVtrnC1zA/3520/public
,"Rainbowmania","Habanero",flash,https://imagedelivery.net/nVyft9zNw2I0pNVtrnC1zA/3546/public
,"Return To The Feature","Habanero",flash,https://imagedelivery.net/nVyft9zNw2I0pNVtrnC1zA/3583/public
,"Ride 'em Cowboy","Habanero",flash,https://imagedelivery.net/nVyft9zNw2I0pNVtrnC1zA/3611/public
,"Rodeo Drive","Habanero",flash,https://imagedelivery.net/nVyft9zNw2I0pNVtrnC1zA/3652/public
,"Rolling Roger","Habanero",flash,https://imagedelivery.net/nVyft9zNw2I0pNVtrnC1zA/3656/public
,"Roman Empire","Habanero",flash,https://imagedelivery.net/nVyft9zNw2I0pNVtrnC1zA/3662/public
,"Ruffled Up","Habanero",flash,https://imagedelivery.net/nVyft9zNw2I0pNVtrnC1zA/3693/public
,"S.O.S!","Habanero",flash,https://imagedelivery.net/nVyft9zNw2I0pNVtrnC1zA/3701/public
,"Santa's Inn","Habanero",flash,https://imagedelivery.net/nVyft9zNw2I0pNVtrnC1zA/3726/public
,"Santa's Village","Habanero",flash,https://imagedelivery.net/nVyft9zNw2I0pNVtrnC1zA/3729/public
,"Scopa","Habanero",flash,https://imagedelivery.net/nVyft9zNw2I0pNVtrnC1zA/3738/public
,"Scruffy Scallywags","Habanero",flash,https://imagedelivery.net/nVyft9zNw2I0pNVtrnC1zA/3750/public
,"Shaolin Fortunes","Habanero",flash,https://imagedelivery.net/nVyft9zNw2I0pNVtrnC1zA/3783/public
,"Shaolin Fortunes 100","Habanero",flash,https://imagedelivery.net/nVyft9zNw2I0pNVtrnC1zA/3784/public
,"Shogun's Land","Habanero",flash,https://imagedelivery.net/nVyft9zNw2I0pNVtrnC1zA/3799/public
,"Sicbo","Habanero",flash,https://imagedelivery.net/nVyft9zNw2I0pNVtrnC1zA/3810/public
,"Sir Blingalot","Habanero",flash,https://imagedelivery.net/nVyft9zNw2I0pNVtrnC1zA/3819/public
,"Siren's Spell","Habanero",flash,https://imagedelivery.net/nVyft9zNw2I0pNVtrnC1zA/3821/public
,"Sky's the Limit","Habanero",flash,https://imagedelivery.net/nVyft9zNw2I0pNVtrnC1zA/3828/public
,"Slime Party","Habanero",flash,https://imagedelivery.net/nVyft9zNw2I0pNVtrnC1zA/3834/public
,"Soju Bomb","Habanero",flash,https://imagedelivery.net/nVyft9zNw2I0pNVtrnC1zA/3851/public
,"Space Fortune","Habanero",flash,https://imagedelivery.net/nVyft9zNw2I0pNVtrnC1zA/3865/public
,"Space Goonz","Habanero",flash,https://imagedelivery.net/nVyft9zNw2I0pNVtrnC1zA/3866/public
,"Sparta","Habanero",flash,https://imagedelivery.net/nVyft9zNw2I0pNVtrnC1zA/3876/public
,"Super Strike","Habanero",flash,https://imagedelivery.net/nVyft9zNw2I0pNVtrnC1zA/3960/public
,"Super Twister","Habanero",flash,https://imagedelivery.net/nVyft9zNw2I0pNVtrnC1zA/3964/public
,"Taberna De Los Muertos","Habanero",flash,https://imagedelivery.net/nVyft9zNw2I0pNVtrnC1zA/3987/public
,"Taberna De Los Muertos Ultra","Habanero",flash,https://imagedelivery.net/nVyft9zNw2I0pNVtrnC1zA/3988/public
,"Taiko Beats","Habanero",flash,https://imagedelivery.net/nVyft9zNw2I0pNVtrnC1zA/3992/public
,"Techno Tumble","Habanero",flash,https://imagedelivery.net/nVyft9zNw2I0pNVtrnC1zA/4003/public
,"Tens Or Better 1 Hand","Habanero",flash,https://imagedelivery.net/nVyft9zNw2I0pNVtrnC1zA/4014/public
,"Tens Or Better 10 Hand","Habanero",flash,https://imagedelivery.net/nVyft9zNw2I0pNVtrnC1zA/4015/public
,"Tens Or Better 100 Hand","Habanero",flash,https://imagedelivery.net/nVyft9zNw2I0pNVtrnC1zA/4016/public
,"Tens Or Better 5 Hand","Habanero",flash,https://imagedelivery.net/nVyft9zNw2I0pNVtrnC1zA/4017/public
,"Tens Or Better 50 Hand","Habanero",flash,https://imagedelivery.net/nVyft9zNw2I0pNVtrnC1zA/4018/public
,"The Big Deal","Habanero",flash,https://imagedelivery.net/nVyft9zNw2I0pNVtrnC1zA/4035/public
,"The Big Deal Deluxe","Habanero",flash,https://imagedelivery.net/nVyft9zNw2I0pNVtrnC1zA/4036/public
,"The Dead Escape","Habanero",flash,https://imagedelivery.net/nVyft9zNw2I0pNVtrnC1zA/4044/public
,"Three Card Poker","Habanero",flash,https://imagedelivery.net/nVyft9zNw2I0pNVtrnC1zA/4092/public
,"Three Card Poker Deluxe","Habanero",flash,https://imagedelivery.net/nVyft9zNw2I0pNVtrnC1zA/4093/public
,"Tooty Fruity Fruits","Habanero",flash,https://imagedelivery.net/nVyft9zNw2I0pNVtrnC1zA/4132/public
,"Totem Towers","Habanero",flash,https://imagedelivery.net/nVyft9zNw2I0pNVtrnC1zA/4141/public
,"Totem Warrior","Habanero",flash,https://imagedelivery.net/nVyft9zNw2I0pNVtrnC1zA/4143/public
,"Tower Of Pizza","Habanero",flash,https://imagedelivery.net/nVyft9zNw2I0pNVtrnC1zA/4142/public
,"Treasure Diver","Habanero",flash,https://imagedelivery.net/nVyft9zNw2I0pNVtrnC1zA/4157/public
,"Treasure Tomb","Habanero",flash,https://imagedelivery.net/nVyft9zNw2I0pNVtrnC1zA/4166/public
,"Tuk Tuk Thailand","Habanero",flash,https://imagedelivery.net/nVyft9zNw2I0pNVtrnC1zA/4196/public
,"Valentine Monchy","Habanero",flash,https://imagedelivery.net/nVyft9zNw2I0pNVtrnC1zA/4223/public
,"Vampire's Fate","Habanero",flash,https://imagedelivery.net/nVyft9zNw2I0pNVtrnC1zA/4228/public
,"Viking's Plunder","Habanero",flash,https://imagedelivery.net/nVyft9zNw2I0pNVtrnC1zA/4237/public
,"Waltz Beauty","Habanero",flash,https://imagedelivery.net/nVyft9zNw2I0pNVtrnC1zA/4249/public
,"War","Habanero",flash,https://igamingapis.com/img/4253.png
,"Ways Of Fortune","Habanero",flash,https://imagedelivery.net/nVyft9zNw2I0pNVtrnC1zA/4263/public
,"Wealth Inn","Habanero",flash,https://imagedelivery.net/nVyft9zNw2I0pNVtrnC1zA/4272/public
,"Weird Science","Habanero",flash,https://imagedelivery.net/nVyft9zNw2I0pNVtrnC1zA/4273/public
,"Wicked Witch","Habanero",flash,https://imagedelivery.net/nVyft9zNw2I0pNVtrnC1zA/4296/public
,"Wild Flow","Habanero",flash,https://imagedelivery.net/nVyft9zNw2I0pNVtrnC1zA/4322/public
,"Wild Trucks","Habanero",flash,https://imagedelivery.net/nVyft9zNw2I0pNVtrnC1zA/4344/public
,"Witches Tome","Habanero",flash,https://imagedelivery.net/nVyft9zNw2I0pNVtrnC1zA/4377/public
,"Wizards Want War!","Habanero",flash,https://imagedelivery.net/nVyft9zNw2I0pNVtrnC1zA/4382/public
,"Zeus 2","Habanero",flash,https://imagedelivery.net/nVyft9zNw2I0pNVtrnC1zA/4431/public
,"Zeus Deluxe","Habanero",flash,https://imagedelivery.net/nVyft9zNw2I0pNVtrnC1zA/4430/public
