brandKey,gameUid,displayName,category,imageUrl
JILI,10035,10 Sparkling Crown,Slot,https://imagedelivery.net/nVyft9zNw2I0pNVtrnC1zA/10035/public
JILI,10515,20 Blazing Clover,Slot,https://imagedelivery.net/nVyft9zNw2I0pNVtrnC1zA/10515/public
JILI,1185,3 Charge Buffalo,flash,https://imagedelivery.net/nVyft9zNw2I0pNVtrnC1zA/1185/public
JILI,10509,3 Coin Golden Ox,Slot,https://imagedelivery.net/nVyft9zNw2I0pNVtrnC1zA/10509/public
JILI,473,3 Coin Treasures,flash,https://imagedelivery.net/nVyft9zNw2I0pNVtrnC1zA/473/public
JILI,555,3 Coin Treasures 2,flash,https://imagedelivery.net/nVyft9zNw2I0pNVtrnC1zA/555/public
JILI,163,3 Coin Wild Horse,flash,https://imagedelivery.net/nVyft9zNw2I0pNVtrnC1zA/163/public
JILI,10516,3 Coin Wild Tiger,Slot,https://imagedelivery.net/nVyft9zNw2I0pNVtrnC1zA/10516/public
JILI,10514,3 Lucky Baozhu,Slot,https://imagedelivery.net/nVyft9zNw2I0pNVtrnC1zA/10514/public
JILI,552,3 LUCKY LION,flash,https://imagedelivery.net/nVyft9zNw2I0pNVtrnC1zA/552/public
JILI,1026,3 Lucky Piggy,flash,https://imagedelivery.net/nVyft9zNw2I0pNVtrnC1zA/1026/public
JILI,671,3 Pot Dragons,flash,https://imagedelivery.net/nVyft9zNw2I0pNVtrnC1zA/671/public
JILI,1191,3 Rich pigies,flash,https://imagedelivery.net/nVyft9zNw2I0pNVtrnC1zA/1191/public
JILI,10511,3 Witch's Lamp,Slot,https://imagedelivery.net/nVyft9zNw2I0pNVtrnC1zA/10511/public
JILI,10492,7 UP-DOWN,Table,https://imagedelivery.net/nVyft9zNw2I0pNVtrnC1zA/10492/public
JILI,264,7up7down,flash,https://imagedelivery.net/nVyft9zNw2I0pNVtrnC1zA/264/public
JILI,634,Agent Ace,Slots,https://imagedelivery.net/nVyft9zNw2I0pNVtrnC1zA/634/public
JILI,324,AK47,flash,https://imagedelivery.net/nVyft9zNw2I0pNVtrnC1zA/324/public
JILI,931,Ali Baba,Slots,https://imagedelivery.net/nVyft9zNw2I0pNVtrnC1zA/931/public
JILI,728,All-star Fishing,Fishing,https://imagedelivery.net/nVyft9zNw2I0pNVtrnC1zA/728/public
JILI,10517,Amar Akbar Anthony,Table,https://igamingapis.com/img/10517.png
JILI,505,Andar Bahar,flash,https://imagedelivery.net/nVyft9zNw2I0pNVtrnC1zA/505/public
JILI,519,Arena Fighter,flash,https://imagedelivery.net/nVyft9zNw2I0pNVtrnC1zA/519/public
JILI,480,Aztec Priestess,flash,https://imagedelivery.net/nVyft9zNw2I0pNVtrnC1zA/480/public
JILI,855,Baccarat,flash,https://imagedelivery.net/nVyft9zNw2I0pNVtrnC1zA/855/public
JILI,483,Bangla Beauty,flash,https://imagedelivery.net/nVyft9zNw2I0pNVtrnC1zA/483/public
JILI,641,Bao boon chin,Slots,https://imagedelivery.net/nVyft9zNw2I0pNVtrnC1zA/641/public
JILI,162,Big Small,flash,https://imagedelivery.net/nVyft9zNw2I0pNVtrnC1zA/162/public
JILI,1477,Bikini Lady,flash,https://imagedelivery.net/nVyft9zNw2I0pNVtrnC1zA/1477/public
JILI,148,Bingo Adventure,flash,https://imagedelivery.net/nVyft9zNw2I0pNVtrnC1zA/148/public
JILI,967,Bingo Carnaval,flash,https://imagedelivery.net/nVyft9zNw2I0pNVtrnC1zA/967/public
JILI,267,Blackjack,flash,https://imagedelivery.net/nVyft9zNw2I0pNVtrnC1zA/267/public
JILI,951,Blackjack Lucky Ladies,flash,https://imagedelivery.net/nVyft9zNw2I0pNVtrnC1zA/951/public
JILI,1041,Bombing Fishing,Fishing,https://imagedelivery.net/nVyft9zNw2I0pNVtrnC1zA/1041/public
JILI,802,Bone Fortune,Slots,https://imagedelivery.net/nVyft9zNw2I0pNVtrnC1zA/802/public
JILI,257,Bonus Hunter,Slots,https://imagedelivery.net/nVyft9zNw2I0pNVtrnC1zA/257/public
JILI,482,Book of Gold,Slots,https://imagedelivery.net/nVyft9zNw2I0pNVtrnC1zA/482/public
JILI,1088,Boom Legend,Fishing,https://imagedelivery.net/nVyft9zNw2I0pNVtrnC1zA/1088/public
JILI,155,Boxing Extravaganza,flash,https://imagedelivery.net/nVyft9zNw2I0pNVtrnC1zA/155/public
JILI,699,Boxing King,Slots,https://imagedelivery.net/nVyft9zNw2I0pNVtrnC1zA/699/public
JILI,10505,Boxing King Title Match,Slot,https://imagedelivery.net/nVyft9zNw2I0pNVtrnC1zA/10505/public
JILI,782,Bubble Beauty,Slots,https://imagedelivery.net/nVyft9zNw2I0pNVtrnC1zA/782/public
JILI,824,Calaca Bingo,flash,https://imagedelivery.net/nVyft9zNw2I0pNVtrnC1zA/824/public
JILI,663,Callbreak,flash,https://imagedelivery.net/nVyft9zNw2I0pNVtrnC1zA/663/public
JILI,801,Callbreak Quick,flash,https://imagedelivery.net/nVyft9zNw2I0pNVtrnC1zA/801/public
JILI,202,Candy Baby,Slots,https://imagedelivery.net/nVyft9zNw2I0pNVtrnC1zA/202/public
JILI,518,Candyland Bingo,flash,https://imagedelivery.net/nVyft9zNw2I0pNVtrnC1zA/518/public
JILI,21,Caribbean Stud Poker,flash,https://imagedelivery.net/nVyft9zNw2I0pNVtrnC1zA/21/public
JILI,10504,Cash Coin,Slot,https://imagedelivery.net/nVyft9zNw2I0pNVtrnC1zA/10504/public
JILI,10513,Cash Stack,Crash,https://imagedelivery.net/nVyft9zNw2I0pNVtrnC1zA/10513/public
JILI,700,Charge Buffalo,Slots,https://imagedelivery.net/nVyft9zNw2I0pNVtrnC1zA/700/public
JILI,182,Charge Buffalo Ascent,flash,https://imagedelivery.net/nVyft9zNw2I0pNVtrnC1zA/182/public
JILI,10037,Chicken Dash,Slot,https://imagedelivery.net/nVyft9zNw2I0pNVtrnC1zA/10037/public
JILI,10510,Chicken Dash 10000,Casino,https://imagedelivery.net/nVyft9zNw2I0pNVtrnC1zA/10510/public
JILI,158,Chin Shi Huang,Slots,https://imagedelivery.net/nVyft9zNw2I0pNVtrnC1zA/158/public
JILI,10507,Circus Jackpot,Slot,https://imagedelivery.net/nVyft9zNw2I0pNVtrnC1zA/10507/public
JILI,10033,Circus Joker 4096,Slot,https://imagedelivery.net/nVyft9zNw2I0pNVtrnC1zA/10033/public
JILI,10032,Clover Coins 3x3,Slot,https://imagedelivery.net/nVyft9zNw2I0pNVtrnC1zA/10032/public
JILI,1780,Coin Infinity Surge Reel,flash,https://imagedelivery.net/nVyft9zNw2I0pNVtrnC1zA/1780/public
JILI,923,Coin Tree,flash,https://imagedelivery.net/nVyft9zNw2I0pNVtrnC1zA/923/public
JILI,193,Color Game,flash,https://imagedelivery.net/nVyft9zNw2I0pNVtrnC1zA/193/public
JILI,10495,Color Game Extreme,Casino,https://imagedelivery.net/nVyft9zNw2I0pNVtrnC1zA/10495/public
JILI,334,Color Prediction,flash,https://imagedelivery.net/nVyft9zNw2I0pNVtrnC1zA/334/public
JILI,783,Crash Bonus,flash,https://imagedelivery.net/nVyft9zNw2I0pNVtrnC1zA/783/public
JILI,195,Crash Cricket,flash,https://imagedelivery.net/nVyft9zNw2I0pNVtrnC1zA/195/public
JILI,786,Crash Goal,flash,https://imagedelivery.net/nVyft9zNw2I0pNVtrnC1zA/786/public
JILI,10499,Crash Puck,casino,https://imagedelivery.net/nVyft9zNw2I0pNVtrnC1zA/10499/public
JILI,4,Crash Touchdown,flash,https://imagedelivery.net/nVyft9zNw2I0pNVtrnC1zA/4/public
JILI,773,Crazy FaFaFa,flash,https://imagedelivery.net/nVyft9zNw2I0pNVtrnC1zA/773/public
JILI,468,Crazy Hunter,Slots,https://imagedelivery.net/nVyft9zNw2I0pNVtrnC1zA/468/public
JILI,467,Crazy Hunter 2,flash,https://imagedelivery.net/nVyft9zNw2I0pNVtrnC1zA/467/public
JILI,3,Crazy Pusher,Slots,https://imagedelivery.net/nVyft9zNw2I0pNVtrnC1zA/3/public
JILI,642,Crazy777,Slots,https://imagedelivery.net/nVyft9zNw2I0pNVtrnC1zA/642/public
JILI,10031,Crazy777 2,Slot,https://imagedelivery.net/nVyft9zNw2I0pNVtrnC1zA/10031/public
JILI,1014,Cricket King 18,flash,https://imagedelivery.net/nVyft9zNw2I0pNVtrnC1zA/1014/public
JILI,842,Cricket Roulette,flash,https://imagedelivery.net/nVyft9zNw2I0pNVtrnC1zA/842/public
JILI,462,Cricket Sah 75,flash,https://imagedelivery.net/nVyft9zNw2I0pNVtrnC1zA/462/public
JILI,764,Cricket War,flash,https://imagedelivery.net/nVyft9zNw2I0pNVtrnC1zA/764/public
JILI,10036,Crystal 777 DELUXE,Slot,https://imagedelivery.net/nVyft9zNw2I0pNVtrnC1zA/10036/public
JILI,383,Dabanggg,flash,https://imagedelivery.net/nVyft9zNw2I0pNVtrnC1zA/383/public
JILI,113,Devil Fire,flash,https://imagedelivery.net/nVyft9zNw2I0pNVtrnC1zA/113/public
JILI,17,Devil Fire 2,flash,https://imagedelivery.net/nVyft9zNw2I0pNVtrnC1zA/17/public
JILI,327,DiamondParty,flash,https://imagedelivery.net/nVyft9zNw2I0pNVtrnC1zA/327/public
JILI,1082,Dinosaur Tycoon,Fishing,https://imagedelivery.net/nVyft9zNw2I0pNVtrnC1zA/1082/public
JILI,869,Dinosaur Tycoon II,flash,https://imagedelivery.net/nVyft9zNw2I0pNVtrnC1zA/869/public
JILI,10498,Domino Go,card,https://imagedelivery.net/nVyft9zNw2I0pNVtrnC1zA/10498/public
JILI,1061,Dragon & Tiger,flash,https://imagedelivery.net/nVyft9zNw2I0pNVtrnC1zA/1061/public
JILI,76,Dragon Fortune,Fishing,https://imagedelivery.net/nVyft9zNw2I0pNVtrnC1zA/76/public
JILI,905,Dragon Treasure,Slots,https://imagedelivery.net/nVyft9zNw2I0pNVtrnC1zA/905/public
JILI,10503,Drop Ball,Casino,https://imagedelivery.net/nVyft9zNw2I0pNVtrnC1zA/10503/public
JILI,1016,Egypts Glow,flash,https://imagedelivery.net/nVyft9zNw2I0pNVtrnC1zA/1016/public
JILI,431,Elf Bingo,flash,https://imagedelivery.net/nVyft9zNw2I0pNVtrnC1zA/431/public
JILI,970,European Roulette,flash,https://imagedelivery.net/nVyft9zNw2I0pNVtrnC1zA/970/public
JILI,385,Fa Fa Fa,Slots,https://imagedelivery.net/nVyft9zNw2I0pNVtrnC1zA/385/public
JILI,42,Fengshen,Slots,https://imagedelivery.net/nVyft9zNw2I0pNVtrnC1zA/42/public
JILI,748,Fish Prawn Crab,flash,https://imagedelivery.net/nVyft9zNw2I0pNVtrnC1zA/748/public
JILI,216,Fortune Bingo,flash,https://imagedelivery.net/nVyft9zNw2I0pNVtrnC1zA/216/public
JILI,982,Fortune Coins,flash,https://imagedelivery.net/nVyft9zNw2I0pNVtrnC1zA/982/public
JILI,792,Fortune Gems,Slots,https://imagedelivery.net/nVyft9zNw2I0pNVtrnC1zA/792/public
JILI,458,Fortune Gems 2,Slots,https://imagedelivery.net/nVyft9zNw2I0pNVtrnC1zA/458/public
JILI,449,Fortune Gems 3,flash,https://imagedelivery.net/nVyft9zNw2I0pNVtrnC1zA/449/public
JILI,972,Fortune Gems Scratch,flash,https://imagedelivery.net/nVyft9zNw2I0pNVtrnC1zA/972/public
JILI,1098,Fortune King Jackpot,flash,https://imagedelivery.net/nVyft9zNw2I0pNVtrnC1zA/1098/public
JILI,808,Fortune Monkey,flash,https://imagedelivery.net/nVyft9zNw2I0pNVtrnC1zA/808/public
JILI,607,Fortune Roulette,flash,https://imagedelivery.net/nVyft9zNw2I0pNVtrnC1zA/607/public
JILI,476,Fortune Tree,Slots,https://imagedelivery.net/nVyft9zNw2I0pNVtrnC1zA/476/public
JILI,10497,FORTUNE ZOMBIE,Fish,https://imagedelivery.net/nVyft9zNw2I0pNVtrnC1zA/10497/public
JILI,600,FortunePig,flash,https://imagedelivery.net/nVyft9zNw2I0pNVtrnC1zA/600/public
JILI,10489,Frog Dash,Casino,https://imagedelivery.net/nVyft9zNw2I0pNVtrnC1zA/10489/public
JILI,670,Fruity Wheel,flash,https://imagedelivery.net/nVyft9zNw2I0pNVtrnC1zA/670/public
JILI,10508,Gallina Fortunata,Casino,https://imagedelivery.net/nVyft9zNw2I0pNVtrnC1zA/10508/public
JILI,532,Gem Party,Slots,https://imagedelivery.net/nVyft9zNw2I0pNVtrnC1zA/532/public
JILI,306,Go For Champion,flash,https://imagedelivery.net/nVyft9zNw2I0pNVtrnC1zA/306/public
JILI,357,Go Goal BIngo,flash,https://imagedelivery.net/nVyft9zNw2I0pNVtrnC1zA/357/public
JILI,1081,Go Rush,flash,https://imagedelivery.net/nVyft9zNw2I0pNVtrnC1zA/1081/public
JILI,142,God Of Martial,Slots,https://imagedelivery.net/nVyft9zNw2I0pNVtrnC1zA/142/public
JILI,192,Gold Rush,Slots,https://imagedelivery.net/nVyft9zNw2I0pNVtrnC1zA/192/public
JILI,896,Golden Bank,Slots,https://imagedelivery.net/nVyft9zNw2I0pNVtrnC1zA/896/public
JILI,262,Golden Bank 2,flash,https://imagedelivery.net/nVyft9zNw2I0pNVtrnC1zA/262/public
JILI,329,Golden Empire,Slots,https://imagedelivery.net/nVyft9zNw2I0pNVtrnC1zA/329/public
JILI,10039,Golden Empire 2,Slot,https://imagedelivery.net/nVyft9zNw2I0pNVtrnC1zA/10039/public
JILI,1100,Golden Joker,Slots,https://imagedelivery.net/nVyft9zNw2I0pNVtrnC1zA/1100/public
JILI,26,Golden Land,flash,https://imagedelivery.net/nVyft9zNw2I0pNVtrnC1zA/26/public
JILI,652,Golden Queen,Slots,https://imagedelivery.net/nVyft9zNw2I0pNVtrnC1zA/652/public
JILI,694,Golden Temple,flash,https://imagedelivery.net/nVyft9zNw2I0pNVtrnC1zA/694/public
JILI,10494,Golden Treasure,Casino,https://imagedelivery.net/nVyft9zNw2I0pNVtrnC1zA/10494/public
JILI,10512,Golden Treasure Lightning,Casino,https://imagedelivery.net/nVyft9zNw2I0pNVtrnC1zA/10512/public
JILI,523,Happy Fishing,Fishing,https://imagedelivery.net/nVyft9zNw2I0pNVtrnC1zA/523/public
JILI,128,Happy Taxi,Slots,https://imagedelivery.net/nVyft9zNw2I0pNVtrnC1zA/128/public
JILI,452,Hawaii Beauty,Slots,https://imagedelivery.net/nVyft9zNw2I0pNVtrnC1zA/452/public
JILI,875,HILO,flash,https://imagedelivery.net/nVyft9zNw2I0pNVtrnC1zA/875/public
JILI,911,Hot Chilli,Slots,https://imagedelivery.net/nVyft9zNw2I0pNVtrnC1zA/911/public
JILI,765,Hyper Burst,Slots,https://imagedelivery.net/nVyft9zNw2I0pNVtrnC1zA/765/public
JILI,770,iRich Bingo,flash,https://imagedelivery.net/nVyft9zNw2I0pNVtrnC1zA/770/public
JILI,543,Jackpot Bingo,flash,https://imagedelivery.net/nVyft9zNw2I0pNVtrnC1zA/543/public
JILI,270,Jackpot Fishing,flash,https://imagedelivery.net/nVyft9zNw2I0pNVtrnC1zA/270/public
JILI,573,Jackpot Joker,flash,https://imagedelivery.net/nVyft9zNw2I0pNVtrnC1zA/573/public
JILI,10500,Jackpot Joker FEVER,SLot,https://imagedelivery.net/nVyft9zNw2I0pNVtrnC1zA/10500/public
JILI,259,Jhandi Munda,flash,https://imagedelivery.net/nVyft9zNw2I0pNVtrnC1zA/259/public
JILI,75,JILI CAISHEN,flash,https://imagedelivery.net/nVyft9zNw2I0pNVtrnC1zA/75/public
JILI,185,Jogo do Bicho,flash,https://imagedelivery.net/nVyft9zNw2I0pNVtrnC1zA/185/public
JILI,10030,Joker Coins,Slot,https://imagedelivery.net/nVyft9zNw2I0pNVtrnC1zA/10030/public
JILI,53,Journey West M,flash,https://imagedelivery.net/nVyft9zNw2I0pNVtrnC1zA/53/public
JILI,354,Jungle King,Slots,https://imagedelivery.net/nVyft9zNw2I0pNVtrnC1zA/354/public
JILI,771,Keno,flash,https://imagedelivery.net/nVyft9zNw2I0pNVtrnC1zA/771/public
JILI,549,Keno Bonus Number,flash,https://imagedelivery.net/nVyft9zNw2I0pNVtrnC1zA/549/public
JILI,104,Keno Extra Bet,flash,https://imagedelivery.net/nVyft9zNw2I0pNVtrnC1zA/104/public
JILI,660,Keno Super Chance,flash,https://imagedelivery.net/nVyft9zNw2I0pNVtrnC1zA/660/public
JILI,1133,King Arthur,flash,https://imagedelivery.net/nVyft9zNw2I0pNVtrnC1zA/1133/public
JILI,82,Legacy of Egypt,flash,https://imagedelivery.net/nVyft9zNw2I0pNVtrnC1zA/82/public
JILI,1070,Limbo,flash,https://imagedelivery.net/nVyft9zNw2I0pNVtrnC1zA/1070/public
JILI,628,Lucky Ball,Slots,https://imagedelivery.net/nVyft9zNw2I0pNVtrnC1zA/628/public
JILI,919,Lucky Bingo,flash,https://imagedelivery.net/nVyft9zNw2I0pNVtrnC1zA/919/public
JILI,860,Lucky Coming,Slots,https://imagedelivery.net/nVyft9zNw2I0pNVtrnC1zA/860/public
JILI,348,Lucky Doggy,flash,https://imagedelivery.net/nVyft9zNw2I0pNVtrnC1zA/348/public
JILI,987,Lucky Goldbricks,Slots,https://imagedelivery.net/nVyft9zNw2I0pNVtrnC1zA/987/public
JILI,525,Lucky Jaguar,Slots,https://imagedelivery.net/nVyft9zNw2I0pNVtrnC1zA/525/public
JILI,865,Ludo Quick,flash,https://imagedelivery.net/nVyft9zNw2I0pNVtrnC1zA/865/public
JILI,400,Magic Lamp,Slots,https://imagedelivery.net/nVyft9zNw2I0pNVtrnC1zA/400/public
JILI,601,Magic Lamp Bingo,flash,https://imagedelivery.net/nVyft9zNw2I0pNVtrnC1zA/601/public
JILI,962,Master Tiger,Slots,https://imagedelivery.net/nVyft9zNw2I0pNVtrnC1zA/962/public
JILI,423,Mayan Empire,flash,https://imagedelivery.net/nVyft9zNw2I0pNVtrnC1zA/423/public
JILI,197,Medusa,Slots,https://imagedelivery.net/nVyft9zNw2I0pNVtrnC1zA/197/public
JILI,1074,Mega Ace,Slots,https://imagedelivery.net/nVyft9zNw2I0pNVtrnC1zA/1074/public
JILI,925,Mega Fishing,Fishing,https://imagedelivery.net/nVyft9zNw2I0pNVtrnC1zA/925/public
JILI,524,Mines,flash,https://imagedelivery.net/nVyft9zNw2I0pNVtrnC1zA/524/public
JILI,347,Mines Gold,flash,https://imagedelivery.net/nVyft9zNw2I0pNVtrnC1zA/347/public
JILI,10496,Mines Grand,Casino,https://imagedelivery.net/nVyft9zNw2I0pNVtrnC1zA/10496/public
JILI,33,MINI FLUSH,flash,https://imagedelivery.net/nVyft9zNw2I0pNVtrnC1zA/33/public
JILI,1005,Money Coming,Slots,https://imagedelivery.net/nVyft9zNw2I0pNVtrnC1zA/1005/public
JILI,10028,Money Coming 2,Slot,https://imagedelivery.net/nVyft9zNw2I0pNVtrnC1zA/10028/public
JILI,261,Money Coming Expand Bets,flash,https://imagedelivery.net/nVyft9zNw2I0pNVtrnC1zA/261/public
JILI,774,Money Pot,flash,https://imagedelivery.net/nVyft9zNw2I0pNVtrnC1zA/774/public
JILI,1145,Monkey Party,Slots,https://imagedelivery.net/nVyft9zNw2I0pNVtrnC1zA/1145/public
JILI,708,Neko Fortune,Slots,https://imagedelivery.net/nVyft9zNw2I0pNVtrnC1zA/708/public
JILI,545,Night City,Slots,https://imagedelivery.net/nVyft9zNw2I0pNVtrnC1zA/545/public
JILI,943,Nightfall Hunting,flash,https://imagedelivery.net/nVyft9zNw2I0pNVtrnC1zA/943/public
JILI,245,Number King,flash,https://imagedelivery.net/nVyft9zNw2I0pNVtrnC1zA/245/public
JILI,393,Ocean King Jackpot,flash,https://imagedelivery.net/nVyft9zNw2I0pNVtrnC1zA/393/public
JILI,1049,PAPPU,flash,https://imagedelivery.net/nVyft9zNw2I0pNVtrnC1zA/1049/public
JILI,971,Party Night,Slots,https://imagedelivery.net/nVyft9zNw2I0pNVtrnC1zA/971/public
JILI,882,Party Star,flash,https://imagedelivery.net/nVyft9zNw2I0pNVtrnC1zA/882/public
JILI,44,Pearls of Bingo,flash,https://imagedelivery.net/nVyft9zNw2I0pNVtrnC1zA/44/public
JILI,299,Penalty Kick,flash,https://imagedelivery.net/nVyft9zNw2I0pNVtrnC1zA/299/public
JILI,910,Pharaoh Treasure,Slots,https://imagedelivery.net/nVyft9zNw2I0pNVtrnC1zA/910/public
JILI,515,Pirate Queen,Slots,https://imagedelivery.net/nVyft9zNw2I0pNVtrnC1zA/515/public
JILI,315,Pirate Queen 2,flash,https://imagedelivery.net/nVyft9zNw2I0pNVtrnC1zA/315/public
JILI,1044,Plinko,flash,https://imagedelivery.net/nVyft9zNw2I0pNVtrnC1zA/1044/public
JILI,10501,Plinko of Mine,casino,https://imagedelivery.net/nVyft9zNw2I0pNVtrnC1zA/10501/public
JILI,793,Poker King,flash,https://imagedelivery.net/nVyft9zNw2I0pNVtrnC1zA/793/public
JILI,296,Pool Rummy,flash,https://imagedelivery.net/nVyft9zNw2I0pNVtrnC1zA/296/public
JILI,369,Poseidon,flash,https://imagedelivery.net/nVyft9zNw2I0pNVtrnC1zA/369/public
JILI,1139,Potion Wizard,flash,https://imagedelivery.net/nVyft9zNw2I0pNVtrnC1zA/1139/public
JILI,1097,Pusoy Go,flash,https://imagedelivery.net/nVyft9zNw2I0pNVtrnC1zA/1097/public
JILI,10038,Rapid Gems 777,Slot,https://imagedelivery.net/nVyft9zNw2I0pNVtrnC1zA/10038/public
JILI,831,Roma X Deluxe,flash,https://imagedelivery.net/nVyft9zNw2I0pNVtrnC1zA/831/public
JILI,1053,RomaX,flash,https://imagedelivery.net/nVyft9zNw2I0pNVtrnC1zA/1053/public
JILI,1059,Royal Fishing,Fishing,https://imagedelivery.net/nVyft9zNw2I0pNVtrnC1zA/1059/public
JILI,10506,Royal Quest,Casino,https://imagedelivery.net/nVyft9zNw2I0pNVtrnC1zA/10506/public
JILI,810,Rummy,flash,https://imagedelivery.net/nVyft9zNw2I0pNVtrnC1zA/810/public
JILI,10502,Safari King,Slot,https://imagedelivery.net/nVyft9zNw2I0pNVtrnC1zA/10502/public
JILI,394,Safari Mystery,flash,https://imagedelivery.net/nVyft9zNw2I0pNVtrnC1zA/394/public
JILI,489,Samba,Slots,https://imagedelivery.net/nVyft9zNw2I0pNVtrnC1zA/489/public
JILI,119,Secret Treasure,Slots,https://imagedelivery.net/nVyft9zNw2I0pNVtrnC1zA/119/public
JILI,443,SevenSevenSeven,flash,https://imagedelivery.net/nVyft9zNw2I0pNVtrnC1zA/443/public
JILI,547,Shanghai Beauty,Slots,https://imagedelivery.net/nVyft9zNw2I0pNVtrnC1zA/547/public
JILI,466,Shogun,flash,https://imagedelivery.net/nVyft9zNw2I0pNVtrnC1zA/466/public
JILI,1017,Sic Bo,flash,https://imagedelivery.net/nVyft9zNw2I0pNVtrnC1zA/1017/public
JILI,596,Sin City,flash,https://imagedelivery.net/nVyft9zNw2I0pNVtrnC1zA/596/public
JILI,727,Speed Baccarat,flash,https://imagedelivery.net/nVyft9zNw2I0pNVtrnC1zA/727/public
JILI,879,Super Ace,Slots,https://imagedelivery.net/nVyft9zNw2I0pNVtrnC1zA/879/public
JILI,581,Super Ace Deluxe,flash,https://imagedelivery.net/nVyft9zNw2I0pNVtrnC1zA/581/public
JILI,189,Super Ace Joker,flash,https://imagedelivery.net/nVyft9zNw2I0pNVtrnC1zA/189/public
JILI,59,Super Ace Scratch,flash,https://imagedelivery.net/nVyft9zNw2I0pNVtrnC1zA/59/public
JILI,915,Super Bingo,flash,https://imagedelivery.net/nVyft9zNw2I0pNVtrnC1zA/915/public
JILI,513,Super E-Sabong,flash,https://imagedelivery.net/nVyft9zNw2I0pNVtrnC1zA/513/public
JILI,850,Super Rich,Slots,https://imagedelivery.net/nVyft9zNw2I0pNVtrnC1zA/850/public
JILI,667,Sweet Land,Slots,https://imagedelivery.net/nVyft9zNw2I0pNVtrnC1zA/667/public
JILI,3978,Sweet Magic,flash,https://imagedelivery.net/nVyft9zNw2I0pNVtrnC1zA/3978/public
JILI,_TEEN_,TeenPatti,flash,https://ik.imagekit.io/f4rqxekfu/games/full_library/teenpatti.png
JILI,110,TeenPatti 20-20,flash,https://imagedelivery.net/nVyft9zNw2I0pNVtrnC1zA/110/public
JILI,107,TeenPatti Joker,flash,https://imagedelivery.net/nVyft9zNw2I0pNVtrnC1zA/107/public
JILI,1008,Thai Hilo,flash,https://imagedelivery.net/nVyft9zNw2I0pNVtrnC1zA/1008/public
JILI,588,The Pig House,flash,https://imagedelivery.net/nVyft9zNw2I0pNVtrnC1zA/588/public
JILI,570,Thor X,Slots,https://imagedelivery.net/nVyft9zNw2I0pNVtrnC1zA/570/public
JILI,170,Tongits Go,flash,https://imagedelivery.net/nVyft9zNw2I0pNVtrnC1zA/170/public
JILI,656,Tower,flash,https://imagedelivery.net/nVyft9zNw2I0pNVtrnC1zA/656/public
JILI,484,Treasure Quest,flash,https://imagedelivery.net/nVyft9zNw2I0pNVtrnC1zA/484/public
JILI,954,Trial of Phoenix,flash,https://imagedelivery.net/nVyft9zNw2I0pNVtrnC1zA/954/public
JILI,907,TWIN WINS,flash,https://imagedelivery.net/nVyft9zNw2I0pNVtrnC1zA/907/public
JILI,595,Ultimate Texas Hold'em,flash,https://imagedelivery.net/nVyft9zNw2I0pNVtrnC1zA/595/public
JILI,183,Video Poker,flash,https://imagedelivery.net/nVyft9zNw2I0pNVtrnC1zA/183/public
JILI,340,War Of Dragons,Slots,https://imagedelivery.net/nVyft9zNw2I0pNVtrnC1zA/340/public
JILI,645,West Hunter Bingo,flash,https://imagedelivery.net/nVyft9zNw2I0pNVtrnC1zA/645/public
JILI,497,Wheel,flash,https://imagedelivery.net/nVyft9zNw2I0pNVtrnC1zA/497/public
JILI,709,Wild Ace,Slots,https://imagedelivery.net/nVyft9zNw2I0pNVtrnC1zA/709/public
JILI,211,Wild Racer,Slots,https://imagedelivery.net/nVyft9zNw2I0pNVtrnC1zA/211/public
JILI,586,Win Drop,flash,https://imagedelivery.net/nVyft9zNw2I0pNVtrnC1zA/586/public
JILI,593,Witches Night,flash,https://imagedelivery.net/nVyft9zNw2I0pNVtrnC1zA/593/public
JILI,177,World Cup,Slots,https://imagedelivery.net/nVyft9zNw2I0pNVtrnC1zA/177/public
JILI,412,XiYangYang,flash,https://imagedelivery.net/nVyft9zNw2I0pNVtrnC1zA/412/public
JILI,358,Zeus,flash,https://imagedelivery.net/nVyft9zNw2I0pNVtrnC1zA/358/public
